Rank,Domain
1,youtube.com
2,facebook.com
3,wikipedia.org
4,reddit.com
5,tiktok.com
6,instagram.com
7,pinterest.com
8,google.com
9,quora.com
10,linkedin.com
11,twitter.com
12,amazon.com
13,apple.com
14,fandom.com
15,wordpress.com
16,etsy.com
17,ebay.com
18,yahoo.com
19,yelp.com
20,medium.com
21,walmart.com
22,imdb.com
23,indeed.com
24,tripadvisor.com
25,nih.gov
26,nytimes.com
27,britannica.com
28,researchgate.net
29,forbes.com
30,shutterstock.com
31,mapquest.com
32,aliexpress.com
33,microsoft.com
34,cambridge.org
35,stackexchange.com
36,theguardian.com
37,scribd.com
38,wiktionary.org
39,alamy.com
40,bbc.com
41,spotify.com
42,reverso.net
43,wikihow.com
44,foursquare.com
45,dailymotion.com
46,businessinsider.com
47,sciencedirect.com
48,collinsdictionary.com
49,healthline.com
50,indiatimes.com
51,usatoday.com
52,webmd.com
53,merriam-webster.com
54,booking.com
55,slideshare.net
56,trip.com
57,cnn.com
58,flickr.com
59,adobe.com
60,mayoclinic.org
61,study.com
62,amazon.co.uk
63,github.com
64,istockphoto.com
65,soundcloud.com
66,target.com
67,bbc.co.uk
68,dictionary.com
69,medicalnewstoday.com
70,clevelandclinic.org
71,wordreference.com
72,wikiwand.com
73,waze.com
74,yellowpages.com
75,screenrant.com
76,bab.la
77,byjus.com
78,usnews.com
79,yahoo.co.jp
80,genius.com
81,ign.com
82,tumblr.com
83,cnet.com
84,geeksforgeeks.org
85,nextdoor.com
86,independent.co.uk
87,moovitapp.com
88,alibaba.com
89,rottentomatoes.com
90,washingtonpost.com
91,amazon.de
92,stackoverflow.com
93,vocabulary.com
94,ebay.co.uk
95,hotels.com
96,springer.com
97,amazon.in
98,cbsnews.com
99,dailymail.co.uk
100,thefreedictionary.com
101,deviantart.com
102,homedepot.com
103,netflix.com
104,freepik.com
105,steamcommunity.com
106,europa.eu
107,flipkart.com
108,wikimedia.org
109,harvard.edu
110,x.com
111,redbubble.com
112,msn.com
113,goodreads.com
114,yourdictionary.com
115,www.nhs.uk
116,rome2rio.com
117,gettyimages.com
118,sportskeeda.com
119,gamespot.com
120,google.co.in
121,investopedia.com
122,glassdoor.com
123,ca.gov
124,dreamstime.com
125,weebly.com
126,zoominfo.com
127,issuu.com
128,hindustantimes.com
129,archive.org
130,tvtropes.org
131,justdial.com
132,nature.com
133,verywellhealth.com
134,reuters.com
135,medlineplus.gov
136,justanswer.com
137,restaurantguru.com
138,wiley.com
139,jstor.org
140,expedia.com
141,goodhousekeeping.com
142,google.co.uk
143,kwai.com
144,cosmopolitan.com
145,today.com
146,npr.org
147,economictimes.com
148,agoda.com
149,people.com
150,gamerant.com
151,bbb.org
152,indiamart.com
153,company-information.service.gov.uk
154,bloomberg.com
155,quizlet.com
156,go.com
157,apnews.com
158,time.com
159,oxfordlearnersdictionaries.com
160,thesaurus.com
161,wordhippo.com
162,latimes.com
163,ziprecruiter.com
164,lemon8-app.com
165,pixabay.com
166,google.ca
167,tvguide.com
168,amazon.fr
169,variety.com
170,rakuten.co.jp
171,espn.com
172,nbcnews.com
173,amazon.ca
174,wattpad.com
175,craigslist.org
176,studocu.com
177,bestbuy.com
178,canva.com
179,cbr.com
180,academia.edu
181,timeout.com
182,as.com
183,trustpilot.com
184,lowes.com
185,nypost.com
186,oup.com
187,telegraph.co.uk
188,themoviedb.org
189,www.gov.uk
190,tripadvisor.co.uk
191,steampowered.com
192,cnbc.com
193,infobae.com
194,testbook.com
195,buzzfeed.com
196,cdc.gov
197,lefigaro.fr
198,hollywoodreporter.com
199,last.fm
200,ameblo.jp
201,zillow.com
202,toppr.com
203,amazon.co.jp
204,msdmanuals.com
205,ubereats.com
206,softonic.com
207,medicinenet.com
208,hopkinsmedicine.org
209,collider.com
210,google.de
211,depositphotos.com
212,samsung.com
213,uol.com.br
214,naver.com
215,dnb.com
216,globo.com
217,ikea.com
218,elpais.com
219,cbc.ca
220,techradar.com
221,glosbe.com
222,ew.com
223,vecteezy.com
224,temu.com
225,indianexpress.com
226,khanacademy.org
227,ny.gov
228,pbs.org
229,pcmag.com
230,canada.ca
231,wikidata.org
232,deezer.com
233,ouest-france.fr
234,shabdkosh.com
235,ldoceonline.com
236,allrecipes.com
237,wired.com
238,parade.com
239,primevideo.com
240,urbandictionary.com
241,shazam.com
242,cornell.edu
243,digitaltrends.com
244,realtor.com
245,crunchbase.com
246,costco.com
247,threads.net
248,oed.com
249,kayak.com
250,thegamer.com
251,lavanguardia.com
252,medscape.com
253,vedantu.com
254,news18.com
255,barnesandnoble.com
256,wsj.com
257,ndtv.com
258,theverge.com
259,line.me
260,tomsguide.com
261,discogs.com
262,usda.gov
263,marca.com
264,theconversation.com
265,accuweather.com
266,elle.com
267,mit.edu
268,who.int
269,groupon.com
270,namu.wiki
271,mirror.co.uk
272,vimeo.com
273,ebay.ca
274,rollingstone.com
275,ranker.com
276,kidshealth.org
277,thesun.co.uk
278,justwatch.com
279,kleinanzeigen.de
280,libretexts.org
281,ebay.de
282,makeuseof.com
283,tenor.com
284,statista.com
285,bandcamp.com
286,makemytrip.com
287,pagesjaunes.fr
288,superpages.com
289,pons.com
290,betterhealth.vic.gov.au
291,boomplay.com
292,aminoapps.com
293,thoughtco.com
294,metacritic.com
295,si.com
296,detik.com
297,billboard.com
298,texas.gov
299,unsplash.com
300,mountsinai.org
301,vulture.com
302,health.com
303,chegg.com
304,healthdirect.gov.au
305,rocketreach.co
306,marriott.com
307,mercari.com
308,pinterest.es
309,google.co.id
310,goo.ne.jp
311,prom.ua
312,mundodeportivo.com
313,rateyourmusic.com
314,mdpi.com
315,newsweek.com
316,gamesradar.com
317,jiosaavn.com
318,thehindu.com
319,letras.com
320,indiatoday.in
321,tistory.com
322,manta.com
323,travelocity.com
324,doordash.com
325,gutefrage.net
326,encyclopedia.com
327,wa.gov
328,uptodown.com
329,amazon.es
330,sagepub.com
331,musixmatch.com
332,poshmark.com
333,commonsensemedia.org
334,tokopedia.com
335,apkpure.com
336,abc.net.au
337,stanford.edu
338,houzz.com
339,city-data.com
340,instructables.com
341,allevents.in
342,lifewire.com
343,alberta.ca
344,nsw.gov.au
345,ft.com
346,foodnetwork.com
347,movieweb.com
348,com.be
349,kompas.com
350,substack.com
351,umich.edu
352,howstuffworks.com
353,popsugar.com
354,prnewswire.com
355,polygon.com
356,everydayhealth.com
357,cookpad.com
358,travelweekly.com
359,olx.ua
360,goodrx.com
361,un.org
362,goal.com
363,brainly.in
364,nasa.gov
365,prezi.com
366,standard.co.uk
367,express.co.uk
368,livemint.com
369,radiotimes.com
370,kiddle.co
371,tribunnews.com
372,behance.net
373,yandex.ru
374,amazon.com.au
375,hinative.com
376,loc.gov
377,salary.com
378,answers.com
379,weather.com
380,nationalgeographic.com
381,esquire.com
382,deadline.com
383,airbnb.com
384,lemonde.fr
385,tandfonline.com
386,frontiersin.org
387,menshealth.com
388,southernliving.com
389,wordnik.com
390,dzen.ru
391,brainly.com
392,google.com.ua
393,macys.com
394,pinterest.co.uk
395,redfin.com
396,abplive.com
397,rozetka.com.ua
398,hubspot.com
399,womenshealthmag.com
400,google.co.jp
401,elmundo.es
402,letras.mus.br
403,mercadolivre.com.br
404,pngwing.com
405,bbcgoodfood.com
406,elespanol.com
407,pngtree.com
408,psu.edu
409,digitalspy.com
410,dexerto.com
411,cancer.gov
412,mashable.com
413,patch.com
414,mubi.com
415,opentable.com
416,ultimate-guitar.com
417,viator.com
418,sofascore.com
419,india.com
420,huffpost.com
421,linguee.com
422,123rf.com
423,metro.co.uk
424,state.gov
425,note.com
426,countryliving.com
427,amazon.it
428,google.fr
429,mumsnet.com
430,letterboxd.com
431,vk.com
432,nps.gov
433,investing.com
434,hm.com
435,thespruce.com
436,javatpoint.com
437,archiveofourown.org
438,techtarget.com
439,coursehero.com
440,pinterest.de
441,jooble.org
442,realsimple.com
443,mercadolibre.com.mx
444,dw.com
445,drugs.com
446,tripadvisor.ca
447,abebooks.com
448,rd.com
449,eventbrite.com
450,marketwatch.com
451,sportingnews.com
452,kumparan.com
453,amazon.com.br
454,google.com.au
455,made-in-china.com
456,shein.com
457,orbitz.com
458,semanticscholar.org
459,vectorstock.com
460,wayfair.com
461,definitions.net
462,foxsports.com
463,yumpu.com
464,xbox.com
465,liputan6.com
466,thepioneerwoman.com
467,pexels.com
468,bleacherreport.com
469,livejournal.com
470,food.com
471,nerdwallet.com
472,twitch.tv
473,refinery29.com
474,business-standard.com
475,klook.com
476,vogue.com
477,uptodate.com
478,euronews.com
479,eater.com
480,ebay.com.au
481,umn.edu
482,playstation.com
483,timesnownews.com
484,chron.com
485,grubhub.com
486,azlyrics.com
487,capcut.com
488,alltrails.com
489,fodors.com
490,legacy.com
491,timeanddate.com
492,harpersbazaar.com
493,bhg.com
494,aljazeera.com
495,cbssports.com
496,shiksha.com
497,theknot.com
498,shopee.co.id
499,ibm.com
500,foxnews.com
501,wise.com
502,almaany.com
503,lawinsider.com
504,apartments.com
505,newyorker.com
506,rogerebert.com
507,google.com.br
508,fda.gov
509,trulia.com
510,nordstrom.com
511,jagran.com
512,aaa.com
513,yelp.ca
514,google.it
515,zippia.com
516,si.edu
517,noaa.gov
518,tureng.com
519,vox.com
520,kroger.com
521,rent.com
522,fnac.com
523,justia.com
524,va.gov
525,livescience.com
526,mappy.com
527,psychologytoday.com
528,powerthesaurus.org
529,20minutos.es
530,filmaffinity.com
531,hamariweb.com
532,shopify.com
533,scmp.com
534,ufl.edu
535,pinterest.fr
536,the-sun.com
537,unirioja.es
538,lumenlearning.com
539,aarp.org
540,leboncoin.fr
541,giphy.com
542,consumerreports.org
543,nymag.com
544,mynavi.jp
545,tasteofhome.com
546,fastercapital.com
547,virginia.gov
548,columbia.edu
549,rakuten.com
550,asos.com
551,healthgrades.com
552,etymonline.com
553,oxfordreference.com
554,aol.com
555,rochester.edu
556,biomedcentral.com
557,bmj.com
558,pressbooks.pub
559,pitchbook.com
560,unacademy.com
561,wordsmyth.net
562,mozilla.org
563,thekitchn.com
564,tripadvisor.in
565,superuser.com
566,cntraveler.com
567,abc.es
568,ctvnews.ca
569,famousbirthdays.com
570,terra.com.br
571,lyrics.com
572,vrbo.com
573,iheart.com
574,thespruceeats.com
575,traveloka.com
576,yale.edu
577,history.com
578,jamanetwork.com
579,roku.com
580,plex.tv
581,sky.com
582,comicbook.com
583,larousse.fr
584,wondershare.com
585,nyc.gov
586,moneycontrol.com
587,skysports.com
588,howtogeek.com
589,magazineluiza.com.br
590,allmusic.com
591,glamour.com
592,jagranjosh.com
593,teacherspayteachers.com
594,cvs.com
595,travelandleisure.com
596,tvinsider.com
597,trivago.com
598,lonelyplanet.com
599,nhsinform.scot
600,eatingwell.com
601,tripadvisor.co
602,theatlantic.com
603,kohls.com
604,cdiscount.com
605,navitime.co.jp
606,rae.es
607,mapcarta.com
608,mercadolibre.com.ar
609,ebay.fr
610,caranddriver.com
611,lww.com
612,francetvinfo.fr
613,lyricstranslate.com
614,lanacion.com.ar
615,eonline.com
616,johnlewis.com
617,spanishdict.com
618,tutorialspoint.com
619,wisc.edu
620,apa.org
621,hinkhoj.com
622,epa.gov
623,amazon.com.mx
624,berkeley.edu
625,yell.com
626,omnicalculator.com
627,vice.com
628,nike.com
629,foodandwine.com
630,loopnet.com
631,docomo.ne.jp
632,usmagazine.com
633,fortune.com
634,google.co.kr
635,bol.com
636,news-medical.net
637,amarujala.com
638,elconfidencial.com
639,howtopronounce.com
640,blibli.com
641,core.ac.uk
642,smule.com
643,vinmec.com
644,leparisien.fr
645,fc2.com
646,smh.com.au
647,bustle.com
648,roadtrippers.com
649,tripadvisor.fr
650,nikkei.com
651,eurogamer.net
652,olympics.com
653,oracle.com
654,focus.de
655,wynk.in
656,familysearch.org
657,marthastewart.com
658,pcgamer.com
659,mass.gov
660,epicentrk.ua
661,mercadolibre.com.co
662,walgreens.com
663,reserving.com
664,babycenter.com
665,instacart.com
666,homes.com
667,songfacts.com
668,pennmedicine.org
669,delish.com
670,walmart.ca
671,cinemablend.com
672,ancestry.com
673,google.es
674,verywellmind.com
675,clarin.com
676,angi.com
677,pa.gov
678,prtimes.jp
679,mlb.com
680,langeek.co
681,unam.mx
682,pngegg.com
683,hilton.com
684,apkpure.net
685,chordify.net
686,purdue.edu
687,zendesk.com
688,hp.com
689,bringfido.com
690,seriouseats.com
691,studysmarter.co.uk
692,birdeye.com
693,michigan.gov
694,in.gov
695,corriere.it
696,slate.com
697,nj.gov
698,cars.com
699,irs.gov
700,thebump.com
701,byrdie.com
702,pixnet.net
703,ucdavis.edu
704,cylex-uk.co.uk
705,zdnet.com
706,edmunds.com
707,kbb.com
708,ea.com
709,menupix.com
710,pharmeasy.in
711,washington.edu
712,bonappetit.com
713,squarespace.com
714,globalnews.ca
715,ck12.org
716,wikimapia.org
717,tuasaude.com
718,ieee.org
719,tripadvisor.de
720,artstation.com
721,upenn.edu
722,wanderlog.com
723,untappd.com
724,priceline.com
725,elcomercio.pe
726,ingles.com
727,samsclub.com
728,osu.edu
729,menards.com
730,decider.com
731,dribbble.com
732,casetext.com
733,prokerala.com
734,livehindustan.com
735,findmeglutenfree.com
736,restaurantji.com
737,aajtak.in
738,apkcombo.com
739,livestrong.com
740,klarna.com
741,metafilter.com
742,idealo.de
743,lyricslayers.com
744,weather.gov
745,stern.de
746,t-online.de
747,kaiserpermanente.org
748,masterclass.com
749,mo.gov
750,prevention.com
751,pixiv.net
752,arcgis.com
753,ycombinator.com
754,smithsonianmag.com
755,lastminute.com
756,mnemonicdictionary.com
757,google.com.mx
758,toasttab.com
759,france24.com
760,nme.com
761,maryland.gov
762,www.gob.mx
763,msu.edu
764,architecturaldigest.com
765,distractify.com
766,verizon.com
767,kakaku.com
768,firstcry.com
769,fool.com
770,tabelog.com
771,youm7.com
772,spiegel.de
773,w3schools.com
774,abril.com.br
775,goibibo.com
776,nexusmods.com
777,nintendo.com
778,data.gouv.fr
779,acs.org
780,urdupoint.com
781,daum.net
782,spiceworks.com
783,thewrap.com
784,androidauthority.com
785,steemit.com
786,lazada.co.id
787,patient.info
788,pinkvilla.com
789,tubitv.com
790,bfmtv.com
791,dickssportinggoods.com
792,zara.com
793,allocine.fr
794,findlaw.com
795,hgtv.com
796,churchofjesuschrist.org
797,utah.edu
798,ct.gov
799,gaana.com
800,chip.de
801,uchicago.edu
802,kompass.com
803,grid.id
804,usembassy.gov
805,gymglish.com
806,cedars-sinai.org
807,arxiv.org
808,pinterest.jp
809,illinois.gov
810,udn.com
811,bartleby.com
812,pinterest.com.mx
813,michelin.com
814,songmeanings.com
815,seamless.com
816,motortrend.com
817,gq.com
818,20minutes.fr
819,aafp.org
820,vaia.com
821,hse.ie
822,t.me
823,otto.de
824,worldbank.org
825,idntimes.com
826,shopee.com.br
827,hotelplanner.com
828,lenovo.com
829,theculturetrip.com
830,trendyol.com
831,self.com
832,brainly.lat
833,momjunction.com
834,weblio.jp
835,actu.fr
836,eltiempo.com
837,teenvogue.com
838,oregon.gov
839,scielo.br
840,scientificamerican.com
841,educalingo.com
842,hubpages.com
843,wordwall.net
844,state.mn.us
845,wikivoyage.org
846,aptoide.com
847,udemy.com
848,dell.com
849,bankrate.com
850,ihg.com
851,momondo.com
852,carfax.com
853,lovetoknow.com
854,hrs.com
855,unc.edu
856,yellowpages.ca
857,army.mil
858,news.com.au
859,dot.gov
860,farfetch.com
861,welt.de
862,pikiran-rakyat.com
863,ovh.net
864,journaldesfemmes.fr
865,illinois.edu
866,gramedia.com
867,zmenu.com
868,gotquestions.org
869,hola.com
870,free.fr
871,radiopaedia.org
872,coursera.org
873,ox.ac.uk
874,audible.com
875,translated.net
876,infinitylearn.com
877,ed.gov
878,carousell.com.my
879,tripadvisor.com.au
880,songtexte.com
881,housebeautiful.com
882,univision.com
883,allure.com
884,aiscore.com
885,marketscreener.com
886,denofgeek.com
887,ozon.ru
888,nasdaq.com
889,leverageedu.com
890,getyourguide.com
891,hbr.org
892,ukr.net
893,my-best.com
894,ucla.edu
895,meteoblue.com
896,hotelscombined.com
897,vanityfair.com
898,whosampled.com
899,singleplatform.com
900,thriftbooks.com
901,doubtnut.com
902,postmates.com
903,tradingview.com
904,utexas.edu
905,diy.com
906,elcinema.com
907,ludwig.guru
908,openedition.org
909,streetdirectory.com
910,indiewire.com
911,cargurus.com
912,bizjournals.com
913,worldatlas.com
914,okdiario.com
915,ohio.gov
916,asahi.com
917,axios.com
918,meinestadt.de
919,google.com.my
920,365scores.com
921,twinkl.co.uk
922,yardbarker.com
923,cuemath.com
924,faz.net
925,libguides.com
926,meesho.com
927,unesco.org
928,cvent.com
929,simplyhired.com
930,pcgamesn.com
931,biblegateway.com
932,verywellfit.com
933,heb.com
934,merckmanuals.com
935,biblestudytools.com
936,nhk.or.jp
937,hellomagazine.com
938,komoot.com
939,cleartax.in
940,skyscanner.net
941,beebom.com
942,ebay.it
943,linguee.fr
944,fandango.com
945,chicagotribune.com
946,shafa.ua
947,socratic.org
948,grammarly.com
949,usgs.gov
950,mawdoo3.com
951,collegedunia.com
952,pinterest.ca
953,tripadvisor.it
954,jalan.net
955,forvo.com
956,soccerway.com
957,francebleu.fr
958,societe.com
959,voanews.com
960,cylex.us.com
961,allegro.pl
962,argos.co.uk
963,gouv.qc.ca
964,etonline.com
965,ncsu.edu
966,argentina.gob.ar
967,autoblog.com
968,niche.com
969,bing.com
970,tsn.ua
971,bigl.ua
972,whattoexpect.com
973,tesco.com
974,bookmyshow.com
975,holidify.com
976,bhaskar.com
977,tripadvisor.es
978,cnnindonesia.com
979,apartmenttherapy.com
980,bu.edu
981,newegg.com
982,pappers.fr
983,freecodecamp.org
984,pressreader.com
985,ucsd.edu
986,aliexpress.ru
987,dcinside.com
988,bible.com
989,lyst.com
990,parents.com
991,elsevier.es
992,naukri.com
993,emedicinehealth.com
994,planetofhotels.com
995,purewow.com
996,empireonline.com
997,linternaute.fr
998,indiatvnews.com
999,mapion.co.jp
1000,minitool.com